{
  "project_info": {
    "project_number": "971974352976",
    "firebase_url": "https://recovercovid19.firebaseio.com",
    "project_id": "recovercovid19",
    "storage_bucket": "recovercovid19.appspot.com"
  },
  "client": [
    {
      "client_info": {
        "mobilesdk_app_id": "1:971974352976:android:913d2b3376fdfe22fd7155",
        "android_client_info": {
          "package_name": "com.example.recovercovid19"
        }
      },
      "oauth_client": [
        {
          "client_id": "971974352976-0avbr0cog4c8kurqmc6isd03353jpr8n.apps.googleusercontent.com",
          "client_type": 1,
          "android_info": {
            "package_name": "com.example.recovercovid19",
            "certificate_hash": "f324cee0294421da099b41a5d32d71b981a323ad"
          }
        },
        {
          "client_id": "971974352976-0fq0irgekqddubu0vgilbbngm04o3u3o.apps.googleusercontent.com",
          "client_type": 3
        }
      ],
      "api_key": [
        {
          "current_key": "AIzaSyBcihZT7nZ92bVleHSmN2dgX8D0jQXjk4Y"
        }
      ],
      "services": {
        "appinvite_service": {
          "other_platform_oauth_client": [
            {
              "client_id": "971974352976-0fq0irgekqddubu0vgilbbngm04o3u3o.apps.googleusercontent.com",
              "client_type": 3
            }
          ]
        }
      }
    }
  ],
  "configuration_version": "1"
}